RESID,NAME,ADDRESS,CONTACT,TIMINGS,DAYS OPEN,CUISINE,DINING RATING,DELIVERY RATING,KNOWN FOR,PEOPLE LIKED,TOP DISHES,HIGHLIGHTS,AVERAGE COST
3400299,Bikanervala,"Kalyani Point, Near Tulsi Cinema, Bypass Road, Khandari, Agra","+918006683777, +915624005343",8:30am - 10:30pm,Mon-Sun,"North Indian, South Indian, Mithai, Street Food, Desserts, Chinese, Bakery, Pizza",4.3,4.4,,Prompt Service,"Raj Kachori, Pav Bhaji, Deluxe Thali, Masala Dosa, Chole Bhature, Chaat, Tandoori Platter","Home Delivery, Vegetarian Only, Indoor Seating, ",Rs. 700 for two people (approx.)
3400279,Mc Donald's,"4-5, Ashok Cosmos Mall, Sanjay Place, Civil Lines, Agra",+917830008007,11am - 9pm,Mon-Sun,"Burger, Fast Food",4.4,4.4,,,"Burgers, French Fries","Indoor Seating, ",Rs. 500 for two people (approx.)
3400290,Bhagat Halwai,"Near Anjana Cinema, Nehru Nagar, Civil Lines, Agra","+917417100555, +919045123333",8am - 11pm,"Mon-Tue, Thu-Sun","Fast Food, Mithai, Chinese, South Indian, Beverages",4.3,4.5,,Prompt Service,"Chaat, Pav Bhaji, Gol Gappe, Lassi, Burgers, Dhokla, Spring Roll","Breakfast, Home Delivery, Vegetarian Only, Dance Floor, Smoking Area, Indoor Seating, ",Rs. 300 for two people (approx.)
3400005,Mama Chicken Mama Franky House,"A-17, Shoping Arcade, Sadar Bazaar, Agra Cantt, Agra","+918171447082, +918899199999","12midnight - 1am, 12:30pm - 12midnight",Mon,"North Indian, Mughlai, Rolls, Chinese, Fast Food, Street Food",4.4,4.2,,Prompt Service,"Biryani, Rolls, Tandoori Chicken, Butter Chicken, Chicken Handi, Naan, Mutton Seekh","Home Delivery, Indoor Seating, ",Rs. 600 for two people (approx.)
3400275,Domino's Pizza,"114/23 G, Deep Shikha Complex, Sanjay Place, Civil Lines, Agra","+915622553000, 18602100000",10:57am - 11pm,Mon-Sun,"Pizza, Fast Food",4.2,4.4,,,"Garlic Bread, Cheese Burst Pizza, White Sauce Pasta","Home Delivery, Indoor Seating, Free Parking, ",Rs. 400 for two people (approx.)
3400017,Pinch Of Spice,"23/453, Opposite Sanjay Cinema, Wazipura Road, Sanjay Place, Civil Lines, Agra",+915624009004,12noon - 9pm,Mon-Sun,"North Indian, Chinese, Mughlai",4.7,4.2,,"Courteous Staff, Prompt Service, Friendly Staff, Decor","Paan Shot, Butter Chicken, Dal Makhani, Dal Bukhara, Spring Roll, Paneer Tikka, Kadhai Paneer","Home Delivery, Table booking recommended, Indoor Seating, ","Rs. 1,600 for two people (approx.)"
3401284,Cake House,"23/301, Wazirpura Road, Judge Compound Chowraha, Wazirpura, Civil Lines, Agra",+919897409409,9am - 9pm,Mon-Sun,"Bakery, Fast Food",3.9,3.5,,,"Cheese Sandwich, Chocochip Cake, Masala Dosa, Paneer Dosa","Home Delivery, Desserts and Bakes, Indoor Seating, ",Rs. 500 for two people (approx.)
3400282,Aahar,"26/118, Opposite Income Tax Building, Sanjay Place, Civil Lines, Agra","+915622855660, +915624030500, +919897085000",10am - 11pm,Mon-Sun,"North Indian, South Indian, Chinese, Bakery, Continental",4.1,4.2,,,"Thali, Dal Makhani, Gol Gappe, Chaat, Pizza, White Sauce Pasta, Panneer Butter Masala","Home Delivery, Vegetarian Only, Indoor Seating, ",Rs. 700 for two people (approx.)
3400297,Bhagat Halwai,"Heera Bagh, Khel Gaon, Dayal Bagh, Agra","+917500606444, +919219570000",8am - 10:30pm,Mon-Sun,"Chinese, Mithai, South Indian, Pizza, Burger, Bakery, Beverages",4.1,4.2,,,"Faluda, Spring Roll, Lassi, Pav Bhaji, Burgers, Aloo Tikki","Breakfast, Home Delivery, Vegetarian Only, Indoor Seating, Desserts and Bakes, ",Rs. 250 for two people (approx.)
3400457,Yadav Dhaba Purana,"1/48, Delhi Gate, Station Road, Raja Mandi, Civil Lines, Agra","+918218920576, +917017990937",12noon - 12midnight,Mon-Sun,North Indian,4.3,4.3,,,"Salad, Shahi Paneer, Kadhai Paneer, Dal Makhani, Rajma, Panneer Butter Masala","Home Delivery, Vegetarian Only, Indoor Seating, ",Rs. 300 for two people (approx.)
3400868,Hichkee,"6/27/1A, Hotel Alleviate, Yamuna Kinara Road, Belanganj, Civil Lines, Agra","+917055018203, +917055018204, +917055018209",11:30am - 10:30am,Mon-Sun,"Continental, North Indian, Chinese",4.5,4.1,,"Courteous Staff, Valet Service, Prompt Service, Rooftop Ambience, Rooftop Setting, Decor","Pizza, Pasta, Momos, Biryani, Veg Platter, Fish, Noodle","Home Delivery, Full Bar Available, Rooftop, Table booking recommended, Indoor Seating, ","Rs. 1,200 for two people (approx.) Without alcohol"
3400326,Tea'se Me - Rooftop Tea Boutique,"18/159D, Hotel M House, Fatehabad Road, Near Purani Mandi, Tajganj, Agra","+919997986867, +917060006867",12noon - 11:30pm,Mon-Sun,"Chinese, Italian, Continental, North Indian",4.6,3.5,,"Courteous Staff, Friendly Staff, Valet Service, Rooftop Ambience, Decor, Cozy","Pasta, Tea, Pizza, Waffles, Death By Chocolate, Nachos, Falafel","Home Delivery, Serves Alcohol, Live Sports Screening, Rooftop, Outdoor Seating, Wifi, ","Rs. 1,000 for two people (approx.) Without alcohol"
3400105,Pizza Hut,"8, Handicraft Nagar, Fatehabad Road, Tajganj, Agra","+915624064051, +919997205350",11am - 11pm,Mon-Sun,"Pizza, Fast Food, Finger Food, American",4.3,4.1,Pan Pizzas,Friendly Staff,"Pizza, Pasta, Garlic Bread, Salad","Home Delivery, Table Reservation Not Required, Indoor Seating, Desserts and Bakes, Free Wifi, Outdoor Seating, ",Rs. 600 for two people (approx.)
3400469,Papa Ji Da Dhaba,"Delhi Gate, Raja Mandi Station Road, Civil Lines, Agra","+918077436643, +919634443433",10:30am - 11pm,Mon-Sun,North Indian,4.3,4.3,,,"Dal Makhani, Shahi Paneer, Kadhai Paneer, Kadai Paneer","Home Delivery, Vegetarian Only, Indoor Seating, ",Rs. 250 for two people (approx.)
3400296,Honeydew Restaurant,"Opposite Soami Bagh Temple, Dayal Bagh, Agra",+918433052206,11am - 11pm,Mon-Sun,"North Indian, Fast Food, Chinese, South Indian",4.5,3.9,,Friendly Staff,"Shahi Paneer, Malai Kofta, Paneer Pasanda, Thali, Panneer Butter Masala, Kaju Curry, Pav Bhaji","Home Delivery, Vegetarian Only, Indoor Seating, Table booking recommended, ",Rs. 500 for two people (approx.)
3400010,GMB - Gopika Sweets & Restaurant,"Crystal Tower, Fatehabad Road, Tajganj, Agra","+917534903131, +919319553131",8am - 11pm,Mon-Sun,"Desserts, North Indian, South Indian, Chinese, Fast Food, Street Food",4.1,4.0,,,"Noodle, Chaat, Thali, Aloo Tikki, Chole Bhature, Chowmein, Raj Kachori","Breakfast, Home Delivery, Vegetarian Only, Wifi, Outdoor Seating, ",Rs. 400 for two people (approx.)
3400021,Chokho Jeeman Marwari Jain Bhojanalya,"1/48, Delhi Gate, Station Road, Raja Mandi, Civil Lines, Agra","+918392883997, +915624040338","11am - 4pm, 6:30pm - 8:30pm",Mon-Sun,Rajasthani,4.5,4.4,,"Courteous Staff, Prompt Service","Gatte Ki Subzi, Rajasthani Thali, Buttermilk, Kadhi, Salad, Tawa Roti","Home Delivery, Vegetarian Only, Serves Jain Food, Indoor Seating, ",Rs. 400 for two people (approx.)
3401492,Chimmanlal Puri Wale,"Daresi Road, Jama Masjid, Kinari Bazar, Sheb Bazar, Mantola, Agra",+919897949405,7am - 10pm,Mon-Sun,"North Indian, Street Food, Mithai",4.1,4.1,,,"Thali, Gulab Jamun, Salad, Chole Bhature","Breakfast, Home Delivery, Indoor Seating, ",Rs. 150 for two people (approx.)
3400475,Amritsari Kulcha Junction,"Deepshikha Building, Wazirpura tRoad, Sanjay Place, Civil Lines, Agra",+919761982666,1:05pm - 10:50pm,Mon-Sun,"North Indian, Chinese, Rolls, Beverages",4.1,4.2,,,"Chaap, Dal Makhani, Onion Kulcha, Paneer Tikka, Raita, Lassi, Rumali Roti","Home Delivery, Vegetarian Only, Indoor Seating, ",Rs. 600 for two people (approx.)
3400712,The Greener Side,Delhi Gate Rd,+917838113476,12noon - 10pm,Mon-Sun,"Fast Food, Wraps, Desserts, Beverages",,4.3,,,"Waffles, Burgers, Oreo Shake, Nutella Waffle, Peri Peri Fries, Corn Sandwich, Supreme Burger","Home Delivery, ",Rs. 300 for two people (approx.)
3401611,Bhadawar Hotel,"3, Daresi, Near Pathhar Mandi, Mantola, Agra","+918273659922, +919045047744",11am - 12midnight,Mon-Sun,"Fast Food, Chinese",4.1,4.2,,,"Deluxe Thali, Dal Tadka, Shahi Paneer, Panneer Butter Masala, Butter Paneer, Roti, Kadai Paneer","Home Delivery, Indoor Seating, ",Rs. 200 for two people (approx.)
3400850,Urban Deck,"5th Floor, The P L Palace Hotel, MG Road, Sanjay Place, Civil Lines, Agra","+917055608517, +917055608507, +915622850042",1pm - 12midnight,Mon-Sun,"Mexican, Italian, North Indian",4.2,3.7,,"Decor, Rooftop Ambience, Live Music","Cocktails, Pizza, Malai Kofta, Pasta","Home Delivery, Full Bar Available, Indoor Seating, Serves Cocktails, Table booking recommended, Poolside, Rooftop, ","Rs. 1,600 for two people (approx.) Without alcohol"
3400238,Sardar Ji Da Dhaba,"Shop 8, Railway Market, Station Road, Near Agra Cantt Railway Station, Agra Cantt, Agra","+917409555556, +918171117047",11am - 3:30am,Mon-Sun,North Indian,4.0,4.0,,Friendly Staff,"Biryani, Roti, Butter Chicken, Paratha, Panneer Butter Masala, Chicken Handi, Dal Makhani","Breakfast, Home Delivery, Indoor Seating, ",Rs. 400 for two people (approx.)
3401167,The Momo Corner,"1/1-12, Avas Vikas Complex, City Mall, Balkeshwar Colony, Kamla Nagar, Agra",+916396167155,12noon - 11:30pm,Mon-Sun,"Momos, Chinese, Beverages",4.4,3.9,,,"Kurkure Momo, Veg Momos, Chicken Momo, Tandoori Momos, Chilli Paneer, Burgers, Oreo Shake","Home Delivery, Indoor Seating, Table booking recommended, ",Rs. 400 for two people (approx.)
3400016,Pind Balluchi,"Opposite Saga Emporium, Fatehabad Road, Tajganj, Agra","+915622333777, +917500247365, +919837055115",8am - 2am,Mon-Sun,"North Indian, Mughlai",4.1,4.0,,"Friendly Staff, Prompt Service, Decor","Biryani, Dal Makhani, Lassi, Chicken Rara, Raita, Jal-jeera, Dahi Ke Kebab","Home Delivery, Table booking recommended, Wifi, Buffet, Indoor Seating, ","Rs. 1,100 for two people (approx.)"
3400304,The Big Bun,"Khandari Crossing, Civil Lines, Agra","+919368041958, +919358764234, +917055889493",10:30am - 10pm,Mon-Sun,"Fast Food, Burger, Pizza, Rolls, Bakery",,4.0,,,"Burgers, Spring Roll, Hot Dog, Veg Burger, Chicken Sandwich","Home Delivery, ",Rs. 250 for two people (approx.)
3400908,What The Food,"Opposite Axis Imaging Centre, Near Hanuman Mandir, Khandari Road, Surya Nagar, Civil Lines, Agra","+917055116622, +917055788889",2pm - 11:30pm,Mon-Sun,"North Indian, Chinese, Rolls",3.9,3.9,,,"Rolls, Burgers, Chicken Biryani, Crunchy Chicken Burger, Shawarma, Butter Chicken","Home Delivery, Indoor Seating, ",Rs. 400 for two people (approx.)
3400430,Rohit Cakes And Bakes,"D-501, Kamla Nagar, Agra",+919690542929,11am - 10pm,Mon-Sun,Bakery,,4.3,,,"Burgers, Cheese Sandwich","Home Delivery, Desserts and Bakes, ",Rs. 350 for two people (approx.)
3400158,MKOP,"Deepshikha Building, Ground floor, Near Sanjay Cinema, Wazirpura Rd, Sanjay Place, Civil Lines, Agra, Uttar Pradesh 282002",+917455022002,8:30am - 5:30pm,Mon-Sat,"Bakery, Fast Food",4.3,4.5,,,"Brownie, Chocolate Truffle Cake, Hot Dog, Garlic Bread","Home Delivery, Indoor Seating, Desserts and Bakes, ","Rs. 1,000 for two people (approx.)"
3400130,Manoj Restaurant,"1/43, Johari Bazar, Subhash Bazar,Agra, Uttar Pradesh",+918979365626,11am - 10pm,Mon-Sun,"South Indian, Chinese",4.4,,,,"Vada, Pav Bhaji","Vegetarian Only, Indoor Seating, ",Rs. 200 for two people (approx.)
3400025,Jahanpanah,"E 23, Shopping Arcade, Sadar Bazaar, Agra Cantt, Agra","+919917999170, +919917999175",12noon - 12midnight,"Mon, Wed-Sun","North Indian, Mughlai, Rolls",3.9,3.3,,"Courteous Staff, Friendly Staff, Prompt Service","Phirni, Butter Chicken, Galauti Kebab, Paratha, Chicken Biryani, Vegetable Biryani, Chicken Jahanpanah","Home Delivery, Indoor Seating, Wifi, ",Rs. 850 for two people (approx.)
3401344,Cafe Turquoise Cottage,"76, 2nd floor, Fatehabad Road, Near Amar Hotel, Tajganj, Agra",+918006807333,12noon - 11:55pm,Mon-Sun,"North Indian, Chinese, Continental, Italian, Pizza, Desserts",4.3,4.4,,"Courteous Staff, Friendly Staff, Prompt Service, Decor, Rooftop Ambience, Dj","Pizza, Cocktails, Lamb, Keema Pav, Chicken Tikka, Naan, Fish Finger","Home Delivery, Full Bar Available, Table reservation required, Live Music, Smoking Area, Indoor Seating, Wifi, ","Rs. 1,500 for two people (approx.) Without alcohol"
3400838,Sugar N Thyme,"1374 K/1375 K, Ground Floor, Dinesh Nagar, Fatehabad Road, Tajganj, Agra",+917906272866,8am - 8:30pm,Mon-Sun,"Cafe, Chinese, Continental, Italian, Bakery, Desserts",4.7,3.9,,"Courteous Staff, Friendly Staff, Cozy Ambience","Pizza, Pasta, Burgers, Noodle, Nutella Waffle, Pancakes, Maggi","Home Delivery, Outdoor Seating, Table booking recommended, Desserts and Bakes, Indoor Seating, Free Wifi, ","Rs. 1,000 for two people (approx.)"
3400628,Deviram Food Circle,"23-24, Pushpanjali Commercial Complex, Sikandra-Bodla Road, Suruchipuram Colony, Sikandra, Agra",+917300625798,8am - 10pm,Mon-Sun,"Mithai, Fast Food, Street Food, North Indian",4.2,4.0,,,"Chole Bhature, Thali, Paneer Tikka","Home Delivery, Vegetarian Only, Free Parking, Desserts and Bakes, Indoor Seating, ",Rs. 200 for two people (approx.)
3400346,Sheroes Hangout,"R.K.Puram Phase 2, Tajnagri, Agra","+917533083502, +915624000401",10am - 9pm,Mon-Sun,"Cafe, North Indian, Chinese",4.7,3.3,Operations run by acid attack survivors & pay-what-you-want service,Decor,"Honey Chilli Potatoes, Fries, Burgers, Corn Burger, White Sauce Pasta, Lassi, Kadhai Paneer","Breakfast, Home Delivery, Vegetarian Only, Outdoor Seating, Indoor Seating, Wifi, ",Rs. 200 for two people (approx.)
3400391,Chapter 1 Cafe,"1374 K/1375 K, 2nd floor, Dinesh Nagar, Fatehbad Road, Tajganj, Agra",+919634340009,11am - 11pm,Mon-Sun,"Cafe, Italian, Mexican, North Indian, Continental, Desserts",4.1,3.4,,"Friendly Staff, Rooftop Ambience, Decor, Rooftop Area","Fajita, Pasta, Pizza, Mocktails, Cocktails, Nachos, Biryani","Home Delivery, Full Bar Available, Free Wifi, Wifi, Free Parking, Rooftop, Live Sports Screening, Indoor Seating, ","Rs. 1,000 for two people (approx.) Without alcohol"
3400853,Mocha,"1448 - 1453 tajganj, Fatehabad Road, Tajganj Agra",+917248700999,11am - 12midnight,Mon-Sun,"Cafe, Italian, Chinese, Continental, North Indian",4.5,3.2,,"Courteous Staff, Friendly Staff, Prompt Service, Rooftop Ambience, Decor, Rooftop Setting","Pizza, Burgers, Bannoffee Pie, Coffee, Pink Sauce Pasta, Chaat, Chocolate Avalanche","Home Delivery, Full Bar Available, Live Sports Screening, Indoor Seating, Free Wifi, Smoking Area, Live Entertainment, Rooftop, Table reservation required, ","Rs. 1,500 for two people (approx.) Without alcohol"
18895858,Guru Kripa Yadav Dhaba,"Delhi Gate, Raja Mandi Station Road, Civil Lines, Agra",+917906293714,12noon - 1am,Mon-Sun,North Indian,4.0,4.2,,,Shahi Paneer,"Home Delivery, Indoor Seating, ",Rs. 150 for two people (approx.)
3400278,Atlantic Foods,"G 26 114//2, Deep Shikha Tower, Sanjay Place, Civil Lines, Agra","+915622525030, +919557741234, +919997859123",11am - 11pm,Mon-Sun,"Bakery, Desserts, Sandwich, Burger, Pizza, Fast Food",4.0,4.3,,,"Chicken Sandwich, Burgers, Coffee","Home Delivery, Desserts and Bakes, Gluten Free Options, Free Parking, Indoor Seating, ",Rs. 400 for two people (approx.)
3400131,Jain Restaurant,"110, Jaipur House Market, Opposite Commercial Tax Office, Jaipur House Colony, Lohmandi, Shahganj, Agra",+917017787609,10am - 11pm,Mon-Sun,"North Indian, South Indian",4.5,4.1,,,"Kadai Paneer, Panneer Butter Masala, Naan, Kadhai Paneer, Shahi Paneer, Dal Makhani","Home Delivery, Vegetarian Only, Indoor Seating, Serves Jain Food, ",Rs. 500 for two people (approx.)
3400392,Thaaliwala,"29/A/2, Fatehabad Road, Tajganj, Agra","+919536932113, +919319943346",8am - 11pm,Mon-Sun,"North Indian, Fast Food",4.1,4.1,,"Efficient Service, Prompt Service, Decor","Thali, Kheer, Raita, Lassi, Dal Makhani, Vegetable Biryani, Vegetarian","Breakfast, Home Delivery, Vegetarian Only, Indoor Seating, ",Rs. 700 for two people (approx.)
3400840,Subway,"Shop 37, Ground Floor, Omaxe SRK Mall, NH 2, Near Bhagwan Talkies, Khandari, Agra",+915624052555,24 Hours,Mon-Sun,"Fast Food, Healthy Food, Sandwich, Salad",4.2,4.1,,,Salad,"Breakfast, Home Delivery, Indoor Seating, ",Rs. 500 for two people (approx.)
18888066,Kiskey Whiskey,"Floor 2, 119/8, Ashok Cosmos Mall, Sanjay Place, Civil Lines, Agra","+918755027000, +918755028000",12noon - 12midnight,Mon-Sun,"North Indian, Continental, Chinese",4.6,,,"Friendly Staff, Prompt Service, Decor","Cocktails, Mocktails, Nachos, White Sauce Pasta, Pizza Pie, Vietnamese Roll, Deep Dish Pizza","Full Bar Available, Indoor Seating, ",Rs. 700 for two people (approx.) with alcohol
3401310,Shree Balaji Family Restaurant,"Paschim Puri, Sulabh Puram Colony, Sikandra, Agra","+918126503638, +918273727182",11am - 11pm,Mon-Sun,"Biryani, North Indian, Mughlai, Awadhi, Beverages",4.0,3.8,,,"Shahi Paneer, Mixed Vegetables, Paneer Dosa, Panneer Butter Masala, Masala Dosa","Home Delivery, Indoor Seating, ",Rs. 400 for two people (approx.)
3401781,Agarwal Restaurant Sweets And Dairy,"Anjali Puram, Avadh Puri, Shahganj, Agra","+917983596060, +919927293061",8am - 10pm,Mon-Sun,"North Indian, Beverages, South Indian, Fast Food, Pizza",4.1,4.2,,,"Thali, Chole Bhature","Breakfast, Home Delivery, Indoor Seating, ",Rs. 300 for two people (approx.)
3400059,Peshawri - ITC Mughal,"ITC Mughal, Fatehabad Road, Tajganj, Agra",+915624021700,"12:30pm - 2:45pm, 7pm - 11:45pm",Mon-Sun,"North Indian, Mughlai",4.6,,,"Courteous Staff, Decor","Dal Bukhara, Naan, Rasmalai, Paneer Khurchan, Sikandari Raan, Murgh Makhani, Pudina Paratha","Full Bar Available, Valet Parking Available, Indoor Seating, 4/5 Star, Table reservation required, Serves Cocktails, Table booking recommended, Wifi, ","Rs. 6,000 for two people (approx.) Without alcohol"
3400301,Anant Restaurant,"Avas Vikas Colony, Kamla Nagar, Agra",+919412169988,12noon - 11pm,Mon-Sun,South Indian,4.3,4.3,,,"Masala Dosa, Noodle, Chole Bhature","Home Delivery, Vegetarian Only, Indoor Seating, ",Rs. 350 for two people (approx.)
3400263,Rambabu Parantha Bhandar,"6/127, Belanganj Rd, Nala Bharon, Gopal Bazar, Belanganj, Civil Lines, Agra, Uttar Pradesh 282004","+918006575726, +919410424824",10am - 11pm,Mon-Sun,North Indian,4.1,,,,"Lassi, Paneer Parantha, Sweet Paratha, Aloo Paratha","Vegetarian Only, Indoor Seating, Serves Jain Food, ",Rs. 600 for two people (approx.)
3400174,Ram Babu Parathe Wale,"Shop 5, NH2, Sikandra, Agra",+915623214762,11am - 10:45pm,Mon-Sun,Fast Food,3.7,4.0,,,"Thali, Meva Paratha, Aloo Sabji, Paneer Parantha","Breakfast, Home Delivery, Vegetarian Only, Indoor Seating, ",Rs. 700 for two people (approx.)
3400382,Gurgaonwala,"21/143, Lakshmi Kunj, Shivaji Nagar, Shahganj, Agra",+919756919999,5:30pm - 10:30pm,Mon-Sun,Fast Food,,3.7,,,"Pasta, Momos","Home Delivery, ",Rs. 300 for two people (approx.)
3401243,Campus Bakers,"17, Pushpanjali Complex, Shastri Puram Road, Near Kargil Petrol Pump, Suruchipuram Colony, Lohamandi, Sikandra Agra",+918171460737,10am - 11pm,Mon-Sun,"Fast Food, Bakery",,4.2,,,"Cheese Sandwich, Cheese Patty, Cheese Burger","Home Delivery, ",Rs. 300 for two people (approx.)
3400348,G Thal,"3/20, KPS Tower, Near Tulsi Talkies, Bypass Road, Khandari, Agra",+915624032727,"11:30am - 3pm, 7pm - 11pm",Mon-Sun,"Rajasthani, Gujarati, Mughlai",3.9,4.1,,Decor,"Thali, Kheer, Roti, Dal Bati Churma, Shahi Paneer, Dal Makhani","Home Delivery, Vegetarian Only, Table booking recommended, Indoor Seating, ",Rs. 900 for two people (approx.)
3400685,Shan E Hind,"Shop 10/11, Shopping Arcade, Sadar Bazar, Agra Cantt, Agra",+917900770770,11am - 11pm,Mon-Sun,North Indian,4.0,4.1,,,"Butter Chicken, Mutton Korma, Chicken Roll, Noodle","Home Delivery, Indoor Seating, ",Rs. 450 for two people (approx.)
3400737,Bercos,"G-14-13 Friends Wasan Plaza, Behind Hotel Holiday Inn, Sanjay Place",+915624304442,12:30pm - 11pm,"Mon, Wed-Sun","Chinese, Thai",4.1,4.2,,,"Thai Noodles, Fruit Beer, Honey Chilli Potatoes, Spring Roll, Thukpa, Pad Thai Noodle, Brownie Chocolate","Home Delivery, Serves Alcohol, Indoor Seating, ",Rs. 800 for two people (approx.) Without alcohol
3400934,Shree Bankey Bihari Misthan Bhandar,"Freedom Plaza, 10B, Karkunj Road, Avas Vikas Colony, Sikandra, Agra, Uttar Pradesh 282007",+918475838047,8am - 10:30pm,Mon-Sun,"Mithai, Street Food, South Indian, Chinese",4.2,4.4,,,"Pav Bhaji, Dhokla, Paneer Dosa","Home Delivery, Vegetarian Only, Indoor Seating, ",Rs. 300 for two people (approx.)
3401309,Pari Family Restaurant,"Shri Ram Complex, MK Puram, Sikandra, AGra",+919634975001,11am - 11pm,Mon-Sun,"North Indian, Fast Food, South Indian",4.1,3.9,,,Shahi Paneer,"Indoor Seating, ",Rs. 400 for two people (approx.)
3400967,Fruck,Khandari Rd,+919528150299,5pm - 11pm,"Mon, Wed-Sun",Street Food,,3.9,,,"Salad, White Sauce Pasta, Butter Chicken, Peri Peri Fries, Honey Chilli Potatoes, Paneer Wrap, Boiled Chicken","Home Delivery, Self Service, ",Rs. 400 for two people (approx.)
3400325,MoMo Cafe - Courtyard By Marriott,"Courtyard by Marriott Agra, Phase 2, Fatehabad Road, Tajganj, Agra","+919312214904, +918392903877, +915622457770",6:30am - 11pm,Mon-Sun,"Italian, North Indian, Fast Food, Continental, Beverages, Asian",4.5,,,"Live Music, Decor","Salad, Biryani, Chaat, Dal Makhani, Breakfast Buffet, Pasta, Panipuri","Breakfast, Wheelchair Accessible, Valet Parking Available, Table booking recommended, Smoking Area, Wifi, Outdoor Seating, Luxury Dining, Buffet, ","Rs. 2,000 for two people (approx.)"
3400319,Agra Chat House,"Chaat Gali, Sadar Bazar, Agra Cantt, Agra",+919719011167,2pm - 11pm,Mon-Sun,Street Food,,4.1,,,"Chaat, Aloo Tikki, Dahi Bhalle, Gol Gappe, Panipuri, Pav Bhaji, Dahi Papdi","Breakfast, Home Delivery, Vegetarian Only, ",Rs. 150 for two people (approx.)
19060078,Rolls Nation,"Shop 23/453, Above Pinch Of Spice, K-3 Market, Wazirpura Road, Sanjay Palace, Civil Lines, Agra",+919206492068,11am - 11pm,Mon-Sun,"Rolls, Fast Food",4.3,4.2,,,"Rolls, Corn Roll, Chicken Roll, Pasta, Burgers, Pizza Roll, Sandwich","Breakfast, Home Delivery, Indoor Seating, Free Wifi, ",Rs. 250 for two people (approx.)
3400338,Udupi Brindavan,"India House, Near A1 Hospital, Nehru Nagar, Khandari, Agra",+915624005009,4pm - 7pm,Mon-Sun,"South Indian, North Indian, Chinese",4.2,4.3,,,"Lasagne, Masala Dosa, Curd Rice, Butter Dosa, Uttapam, South Indian Platter, Vada","Home Delivery, Vegetarian Only, Outdoor Seating, Indoor Seating, Table booking recommended, ",Rs. 600 for two people (approx.)
3400023,Achman,"86, Bhagwan Talkies Crossing, Bypass Road, NH 2, Khandari, Agra",+919411277987,12noon - 11pm,Mon-Sun,"North Indian, South Indian",4.3,4.5,,,"Malai Kofta, Naan, Tomato Soup, Navratan Curry, Dal Makhani","Home Delivery, Vegetarian Only, Indoor Seating, ",Rs. 700 for two people (approx.)
3400029,Capri Restaurant,"Shop no.6-7,upadhyay market,hari parvat,agra,uttar pradesh","+915622522171, +919286449508, +919557987614",12noon - 11:30pm,Mon-Sun,"North Indian, Mughlai",3.8,3.9,,,"Butter Chicken, Malai Kofta, Tandoori Chicken, Butter Naan, Shahi Paneer, Chicken Tikka, Kadhai Paneer","Home Delivery, Indoor Seating, ",Rs. 850 for two people (approx.)
18690442,Hungernomia - Daddy's Burger Bar,"Pratik Centre, Behind ICICI Bank, Sanjay Place, Civil Lines, Agra",+917617621616,10:15am - 10pm,Mon-Sun,"Beverages, Burger, Fast Food, Pizza, Sandwich, Wraps",3.9,4.1,,,Burgers,"Home Delivery, Indoor Seating, ",Rs. 450 for two people (approx.)
3401296,Shri Tirupati No.1 Family Restaurant,"Near Bodla Sabzi Mandi, Sector 1, Avas Vikas Mraket, Bodla, Sikandra, Agra","+919639823411, +919639011001, +919219341111",1pm - 11pm,"Mon-Tue, Thu, Sat-Sun","North Indian, Fast Food",4.0,4.2,,,"Thali, Roti, Chole Bhature, Raita","Home Delivery, Vegetarian Only, Indoor Seating, Table booking recommended, ",Rs. 300 for two people (approx.)
3401276,The Masterchef Restaurant,"D-557, Near PNB Bank, Kamla Nagar, Agra",+918171863760,1pm - 11pm,Mon-Sun,"Cafe, Italian, Fast Food, Chinese",4.1,3.7,,,"White Sauce Pasta, Pizza, Red Sauce Pasta, Malai Chaap, Rumali Roti","Home Delivery, Outdoor Seating, Indoor Seating, Desserts and Bakes, ",Rs. 600 for two people (approx.)
3400067,Om Bhojanalaya,"116, Saudagar Lines Road, Sadar Bazaar, Idgah Colony, Agra Cantt, Agra","+917618340100, +918171160654",11am - 10:15am,Mon-Sun,North Indian,4.1,4.2,,,Panneer Butter Masala,"Home Delivery, Vegetarian Only, Indoor Seating, ",Rs. 500 for two people (approx.)
3401239,Bhawna Sweets,"Shreenath Ji Complex, Ratan Muni Road, Tota Ka Taal, Billochpura, Lohamandi, Agra","+917017875455, +919319049568, +917017690890",7am - 10pm,Mon-Sun,"Mithai, Desserts",,4.0,,,"Rasmalai, Dhokla, Badam Milk, Gulab Jamun, Samosa, Rabri, Kalakand","Home Delivery, Vegetarian Only, Desserts and Bakes, ",Rs. 200 for two people (approx.)
3400780,Grey House Cafe,"Fatehabad Road, Tajganj, Agra",+918218470251,1pm - 11:30pm,Mon-Thu,Cafe,3.8,3.6,,"Friendly Staff, Prompt Service, Rooftop Ambience","Mocktails, Spaghetti, Irish Coffee, Fish, White Sauce Pasta, Margherita Pizza","Home Delivery, Full Bar Available, Nightlife, Smoking Area, Private Dining Area Available, Free Parking, Live Sports Screening, Indoor Seating, Table booking recommended, Free Wifi, Serves Cocktails, Live Entertainment, ","Rs. 1,500 for two people (approx.) Without alcohol"
3401095,Family Zaika Restro & Lounge,"Pani Ki Tanki Road, Balkeshwar Colony, Kamla Nagar, Agra",+919811614141,11am - 11pm,Mon-Sun,"North Indian, Chinese, South Indian, Fast Food, Beverages",3.9,4.0,,,"Paneer Lababdar, Malai Kofta, Dal Makhani, Uttapam, Kabuli Naan, Honey Chilli Potatoes","Home Delivery, Vegetarian Only, Live Music, Wifi, Indoor Seating, Available for Functions, Buffet, ",Rs. 600 for two people (approx.)
3400811,Master Chef Italian Fast Food Corner,"8B P31A Khasra No. 824/1 Mauja Mau Byepass Khandari Crossing, Agra,nagar nigam food safety zone 04,agra,282005",Not available for this place,12noon - 2am,Mon-Sun,Fast Food,3.6,3.7,,,"Pasta, Noodle, Chaap, Vegetable Noodles, Cheese Momos, Garlic Bread","Home Delivery, Free Parking, Indoor Seating, ",Rs. 400 for two people (approx.)
3400350,Bon Barbecue,"Parador Hotel, 3A-3B, Phase 1, Fatehabad Road, Taj Nagri, Tajganj, Agra",+915622330303,"12noon - 3:30pm, 6:30pm - 11pm",Mon-Sun,"North Indian, Chinese, Continental",4.1,,,"Courteous Staff, Decor","Mocktails, Dal Bukhara, Paan Shot, Veg Buffet, Biryani, Chilli Chicken, Halwa","Serves Alcohol, Indoor Seating, Wifi, ","Rs. 1,500 for two people (approx.) Without alcohol"
3400024,Temptation,"B 87, Central Bank Road, Kamla Nagar, Agra",+919690183400,11am - 12midnight,Mon-Sun,"North Indian, Chinese, Fast Food",4.1,,,,"Spring Roll, Malai Kofta","Vegetarian Only, Indoor Seating, ","Rs. 1,000 for two people (approx.)"
3400345,Goli Vada Pav No. 1,"G2, Specific Mall, Sector -13, Karkunj Road, Sikandra, Agra","+919045022881, +919045022882",11am - 10:30pm,Mon-Sun,"Street Food, Beverages",4.2,4.4,,,Vada Pav,"Home Delivery, Vegetarian Only, Indoor Seating, ",Rs. 150 for two people (approx.)
3400652,Chaat Chowpaati,"Pani Ki Tanki Road, Balkeshwar Colony, Kamla Nagar, Agra",+918650128421,1pm - 11pm,Mon-Sun,Street Food,4.1,4.1,,,Spring Roll,"Home Delivery, Outdoor Seating, ",Rs. 150 for two people (approx.)
3401196,Social Attitude,"61, Jaipur House Market, Opposite Jwala Theatre, Shahganj, Agra",+917021677014,12noon - 12midnight,"Mon, Wed-Sun","Cafe, North Indian, Chinese, Italian, Continental, Finger Food, Fast Food, Beverages",4.0,3.7,,Classy Interiors,"Fries, Naan, Panneer Butter Masala, Noodle","Breakfast, Home Delivery, Indoor Seating, Free Wifi, Live Sports Screening, Table booking recommended, ",Rs. 600 for two people (approx.)
19183764,New Pizza King,"Plot 7, 8, Rana Market, Below Easyday, Saket Colony Road, Shahganj, Agra","+915624306452, +916397628664",11am - 11pm,Mon-Sun,Pizza,4.1,4.4,,Courteous Staff,"Pizza, Pasta","Home Delivery, Indoor Seating, ",Rs. 200 for two people (approx.)
18966639,Fakira,"Sector 16 B, Near Gurudwara Flyover, Kar Kunj Chauraha, Avas Vikas Colony, Lohamandi, Near Sikandra, Agra","+918449900017, +918449900018",2pm - 12:30am,Mon-Sun,"North Indian, Chinese, Continental, Fast Food",4.0,3.9,,"Prompt Service, Rooftop Ambience, Rooftop Cafe","Brownie, Cocktails, Mocktails, White Sauce Pasta, Momos","Home Delivery, Live Sports Screening, Free Wifi, Private Dining Area Available, Live Entertainment, Rooftop, Smoking Area, Indoor Seating, Kid Friendly, Free Parking, Outdoor Seating, Available for Functions, Karaoke, ","Rs. 1,000 for two people (approx.)"
3400328,Chopstix,"G-5/32, Opposite LIC Building, Sanjay Place, Civil Lines, Agra","+917060769355, +917060769355",12:30pm - 10:30pm,Mon-Thu,Chinese,4.1,3.9,,,"Noodle, Chilli Chicken, Chilli Garlic Noodles, Hakka Noodles, Veg Manchurian, Honey Chilli Potatoes","Home Delivery, Indoor Seating, ",Rs. 600 for two people (approx.)
3401582,Chainess,"Shop G-11, 12 &amp; 13, Block 34/2, Opposite LIC Building, Civil Lines, Agra",+915624302727,9am - 11pm,Mon-Sun,"Tea, Fast Food",4.5,4.3,,,"Tea, Dabeli, Masala Chai, Bun Maskas, Samosa Bun, Adrak Wali Chai, Sandwich","Home Delivery, Indoor Seating, ",Rs. 200 for two people (approx.)
3400036,Chota Mama Chicken & Mama Veg,"Super Bazar, Near Kargil Petrol Pump, Sector 9, Avas Vikas Colony, Sikandra, Agra","+919027449666, +918923344714",11am - 11pm,Mon-Sun,North Indian,3.7,3.9,,,Chicken Biryani,"Home Delivery, Indoor Seating, ",Rs. 700 for two people (approx.)
3400230,Anand He Anand Bhojanalaya,"Delhi Gate, Raja Mandi Station Road, Civil Lines, Agra","+915622526042, +919897243948, +915624033662","12midnight - 5:59am, 6am - 12midnight",Mon,North Indian,4.0,4.3,,,"Naan, Dal Makhani","Breakfast, Home Delivery, Vegetarian Only, Indoor Seating, ",Rs. 300 for two people (approx.)
3401164,Dosa Plaza & North Indian Restaurant,"UGF 3, Vimal Plaza, 61 Surya Nagar, Opposite Civil Court, Khandari, Agra","+918126616574, +915624309999",11am - 11pm,Mon-Sun,"South Indian, North Indian, Chinese",3.9,4.0,,Decor,"Noodle, Thali","Home Delivery, Indoor Seating, ",Rs. 600 for two people (approx.)
3400696,The Forest,"2A/Sec 4B, Etah Plaza, Central Park Road, Avas Vikas Colony, Agra",+919997608186,12:30pm - 10:45pm,Mon-Sun,Indian,4.0,4.2,,,"Dal Makhani, Panneer Butter Masala, Kadhai Paneer, Pizza","Home Delivery, Indoor Seating, Free Parking, Kid Friendly, ",Rs. 800 for two people (approx.)
3400060,Taj Bano - ITC Mughal,"ITC Mughal, Fatehabad Road, Tajganj, Agra",+915624021700,"6am - 10:30am, 12:30pm - 2:30pm, 7pm - 10:30pm",Mon-Sun,"Mughlai, North Indian",4.0,,,,"Breakfast Buffet, Cheesecake, Dal Makhani","Full Bar Available, Indoor Seating, 4/5 Star, Table reservation required, Valet Parking Available, Serves Cocktails, Table booking recommended, Wifi, ","Rs. 2,500 for two people (approx.) Without alcohol"
3400455,New Moon Light Restaurant,"Beside Income Tax Office, Civil Lines, Agra",+919149036331,11am - 11pm,Mon-Sun,North Indian,3.9,4.2,,,"Rajma Chawal, Shahi Paneer, Kadhai Paneer, Deluxe Thali","Home Delivery, Vegetarian Only, Indoor Seating, ",Rs. 350 for two people (approx.)
3401174,The Chocolate Room,"Shop G-4 TDI Mall, Fatehabad Road, Tajganj, Agra",+916398846561,10am - 12midnight,Mon-Sun,"Desserts, Mexican, Italian, Fast Food",4.4,3.8,,,"Pasta, Pizza, Brownie, Waffles, Hot Chocolate, Nachos, Chocolate Bomb","Home Delivery, Table booking recommended, Indoor Seating, Free Parking, Desserts and Bakes, ",Rs. 800 for two people (approx.)
